﻿<LinkSources version="1.02">
  <page ID="C06EC343-444C-4991-85DC-E16C96483C26">
    <linkSource sourcePageID="8ED17A5D-043B-4521-8793-ED15AA972E12" comID="8ECA316C-5E2D-4CD1-A8A9-232F3BE219E9" comLinkType="cltPageLink"/>
  </page>
  <page ID="8ED17A5D-043B-4521-8793-ED15AA972E12">
    <linkSource sourcePageID="C06EC343-444C-4991-85DC-E16C96483C26" comID="AD877486-793C-43D0-9D2E-6C800E6EB77A" comLinkType="cltPageLink"/>
    <linkSource sourcePageID="8C832230-E91E-4259-9A7E-543C7CE29EFB" comID="ECA00F71-4130-4A61-9C89-07232454D8ED" comLinkType="cltPageLink"/>
    <linkSource sourcePageID="8ED17A5D-043B-4521-8793-ED15AA972E12" comID="A928B929-E355-41AB-A663-E7B82968B72F" comLinkType="cltPageLink"/>
  </page>
  <page ID="8C832230-E91E-4259-9A7E-543C7CE29EFB">
    <linkSource sourcePageID="C06EC343-444C-4991-85DC-E16C96483C26" comID="9F9F2804-F9A0-480A-AEEB-DB312CEA64CD" comLinkType="cltPageLink"/>
  </page>
  <page ID="45DF3A8E-5CED-48DD-A472-3B020DE8E429">
    <linkSource sourcePageID="45DF3A8E-5CED-48DD-A472-3B020DE8E429" comID="BF0580D4-010F-4F6B-8D78-84D7904120E1" comLinkType="cltPageLink"/>
    <linkSource sourcePageID="C06EC343-444C-4991-85DC-E16C96483C26" comID="B7491DD9-3E46-4373-B487-0E94286F1D42" comLinkType="cltPageLink"/>
    <linkSource sourcePageID="244181E9-E810-44DF-BFD7-8716873C4432" comID="7045DCCF-4AC0-49B2-8DDB-3D759FD65361" comLinkType="cltPageLink"/>
    <linkSource sourcePageID="45D05DDB-1C41-41FB-A906-C5068813E9AE" comID="3B0AFDDF-027F-47EB-BA9E-08073C9F31CB" comLinkType="cltPageLink"/>
    <linkSource sourcePageID="44F33D84-ABD9-4ACD-9788-BCB5CC92CF08" comID="FE7CB87D-551D-4F0E-A4B9-587BD71C5867" comLinkType="cltPageLink"/>
    <linkSource sourcePageID="C06EC343-444C-4991-85DC-E16C96483C26" comID="AD877486-793C-43D0-9D2E-6C800E6EB77A" comLinkType="cltPageLink"/>
    <linkSource sourcePageID="C06EC343-444C-4991-85DC-E16C96483C26" comID="9F9F2804-F9A0-480A-AEEB-DB312CEA64CD" comLinkType="cltPageLink"/>
    <linkSource sourcePageID="45DF3A8E-5CED-48DD-A472-3B020DE8E429" comID="3AEE10A5-822D-4E5D-AE92-0D3E78F70F63" comLinkType="cltPageLink"/>
    <linkSource sourcePageID="45DF3A8E-5CED-48DD-A472-3B020DE8E429" comID="32C2ACEA-F5A8-45E8-884A-3D42F605DCCC" comLinkType="cltPageLink"/>
    <linkSource sourcePageID="CF9ED1C8-6D28-4112-91E3-2F946D6D7F0A" comID="C148068D-1AF6-40AF-B929-183DF0A46204" comLinkType="cltPageLink"/>
    <linkSource sourcePageID="45D05DDB-1C41-41FB-A906-C5068813E9AE" comID="0B758767-9FCE-4B5E-B9A8-AEC7867A55F2" comLinkType="cltPageLink"/>
    <linkSource sourcePageID="45D05DDB-1C41-41FB-A906-C5068813E9AE" comID="CC4DA9B1-97B1-4019-8EE9-2877A29BF308" comLinkType="cltPageLink"/>
    <linkSource sourcePageID="45D05DDB-1C41-41FB-A906-C5068813E9AE" comID="2CEC6469-D571-440E-8B5C-01D262752B0A" comLinkType="cltPageLink"/>
    <linkSource sourcePageID="45D05DDB-1C41-41FB-A906-C5068813E9AE" comID="65C25C5B-0933-408E-9977-52FA49F272D7" comLinkType="cltPageLink"/>
    <linkSource sourcePageID="8C832230-E91E-4259-9A7E-543C7CE29EFB" comID="ECA00F71-4130-4A61-9C89-07232454D8ED" comLinkType="cltPageLink"/>
    <linkSource sourcePageID="45D05DDB-1C41-41FB-A906-C5068813E9AE" comID="90C3DE35-1EAD-4967-ABD2-B2B3D192F7FA" comLinkType="cltPageLink"/>
    <linkSource sourcePageID="45D05DDB-1C41-41FB-A906-C5068813E9AE" comID="E4803631-FBEF-4225-A028-C570822399FA" comLinkType="cltPageLink"/>
    <linkSource sourcePageID="45D05DDB-1C41-41FB-A906-C5068813E9AE" comID="54815604-BDDF-4269-AF74-E5B6D08F33EF" comLinkType="cltPageLink"/>
    <linkSource sourcePageID="45D05DDB-1C41-41FB-A906-C5068813E9AE" comID="9B337172-3035-4648-8320-530C79410A54" comLinkType="cltPageLink"/>
    <linkSource sourcePageID="45D05DDB-1C41-41FB-A906-C5068813E9AE" comID="155F32F1-8571-425A-A3CB-A0E9A4DBA71D" comLinkType="cltPageLink"/>
    <linkSource sourcePageID="45D05DDB-1C41-41FB-A906-C5068813E9AE" comID="BFA96910-64CC-478B-89E7-A2F996F4E1BD" comLinkType="cltPageLink"/>
    <linkSource sourcePageID="45D05DDB-1C41-41FB-A906-C5068813E9AE" comID="9535D8D1-15C9-4566-870E-23EA09F8C2E0" comLinkType="cltPageLink"/>
    <linkSource sourcePageID="45D05DDB-1C41-41FB-A906-C5068813E9AE" comID="D9A62E9B-0B8C-49EA-87A4-446906FD99E0" comLinkType="cltPageLink"/>
    <linkSource sourcePageID="45D05DDB-1C41-41FB-A906-C5068813E9AE" comID="08D698D4-B152-4D4C-B72F-D105E0AA03C8" comLinkType="cltPageLink"/>
    <linkSource sourcePageID="45D05DDB-1C41-41FB-A906-C5068813E9AE" comID="D1349A59-B586-4921-A62F-2A233B7DD6E1" comLinkType="cltPageLink"/>
    <linkSource sourcePageID="45D05DDB-1C41-41FB-A906-C5068813E9AE" comID="A6368DB4-B7E0-468A-830E-8E4C63614D7B" comLinkType="cltPageLink"/>
    <linkSource sourcePageID="45D05DDB-1C41-41FB-A906-C5068813E9AE" comID="1B731E63-D5E0-4989-BE71-456977ABBC33" comLinkType="cltPageLink"/>
    <linkSource sourcePageID="45D05DDB-1C41-41FB-A906-C5068813E9AE" comID="0AE60A07-57AA-4D21-A97D-AFBB880FACEA" comLinkType="cltPageLink"/>
    <linkSource sourcePageID="45D05DDB-1C41-41FB-A906-C5068813E9AE" comID="CA5AE0FE-C260-4191-8E2B-619E1011D153" comLinkType="cltPageLink"/>
    <linkSource sourcePageID="45D05DDB-1C41-41FB-A906-C5068813E9AE" comID="8583ABE3-8EAC-4D05-9182-535CFBC88BC5" comLinkType="cltPageLink"/>
    <linkSource sourcePageID="45D05DDB-1C41-41FB-A906-C5068813E9AE" comID="A77875EC-3747-411A-8C1B-961A02D20620" comLinkType="cltPageLink"/>
    <linkSource sourcePageID="8ED17A5D-043B-4521-8793-ED15AA972E12" comID="A928B929-E355-41AB-A663-E7B82968B72F" comLinkType="cltPageLink"/>
  </page>
  <page ID="44F33D84-ABD9-4ACD-9788-BCB5CC92CF08">
    <linkSource sourcePageID="45DF3A8E-5CED-48DD-A472-3B020DE8E429" comID="165E4A4D-5CBD-4474-BD39-A23A17F61C83" comLinkType="cltPageLink"/>
  </page>
  <page ID="45D05DDB-1C41-41FB-A906-C5068813E9AE">
    <linkSource sourcePageID="45DF3A8E-5CED-48DD-A472-3B020DE8E429" comID="52D60E6E-1B2D-4E27-97AB-135CAF3221F3" comLinkType="cltPageLink"/>
    <linkSource sourcePageID="45DF3A8E-5CED-48DD-A472-3B020DE8E429" comID="DD42F80A-05A5-4CC0-AA6C-65F17DF79FCA" comLinkType="cltPageLink"/>
    <linkSource sourcePageID="C06EC343-444C-4991-85DC-E16C96483C26" comID="A4EB48C9-E91D-46F2-B0E9-53A0239A9F56" comLinkType="cltPageLink"/>
    <linkSource sourcePageID="244181E9-E810-44DF-BFD7-8716873C4432" comID="C9FF0E50-27A6-452D-96F3-3F64A618CBD2" comLinkType="cltPageLink"/>
    <linkSource sourcePageID="45D05DDB-1C41-41FB-A906-C5068813E9AE" comID="7F0C315F-BDDC-4C9A-9B19-9FC71B080846" comLinkType="cltPageLink"/>
    <linkSource sourcePageID="45DF3A8E-5CED-48DD-A472-3B020DE8E429" comID="D629A690-FB3A-4F75-A3CE-0FF3F6506CB7" comLinkType="cltPageLink"/>
    <linkSource sourcePageID="45DF3A8E-5CED-48DD-A472-3B020DE8E429" comID="E130EEBC-C440-4F95-9667-AD6D7A46FD2C" comLinkType="cltPageLink"/>
    <linkSource sourcePageID="45DF3A8E-5CED-48DD-A472-3B020DE8E429" comID="CA2CEDF3-B76F-4173-A79D-929151F9E47B" comLinkType="cltPageLink"/>
    <linkSource sourcePageID="45DF3A8E-5CED-48DD-A472-3B020DE8E429" comID="E25C793A-DFD6-4E2F-A263-CD035908EEED" comLinkType="cltPageLink"/>
    <linkSource sourcePageID="45D05DDB-1C41-41FB-A906-C5068813E9AE" comID="E04DED8A-2AF9-471F-BBB2-FE9AA0E086F9" comLinkType="cltPageLink"/>
    <linkSource sourcePageID="45D05DDB-1C41-41FB-A906-C5068813E9AE" comID="C91D95D0-DED2-4359-8D95-EA88ECC2B92B" comLinkType="cltPageLink"/>
  </page>
  <page ID="244181E9-E810-44DF-BFD7-8716873C4432">
    <linkSource sourcePageID="45DF3A8E-5CED-48DD-A472-3B020DE8E429" comID="52D60E6E-1B2D-4E27-97AB-135CAF3221F3" comLinkType="cltPageLink"/>
    <linkSource sourcePageID="45DF3A8E-5CED-48DD-A472-3B020DE8E429" comID="0D768461-5AAA-4E48-AC69-147018024759" comLinkType="cltPageLink"/>
    <linkSource sourcePageID="C06EC343-444C-4991-85DC-E16C96483C26" comID="B6620F41-1091-4F81-87FD-5338407557CB" comLinkType="cltPageLink"/>
    <linkSource sourcePageID="244181E9-E810-44DF-BFD7-8716873C4432" comID="6BC85D4A-697C-43F6-AED0-19018CC8B339" comLinkType="cltPageLink"/>
    <linkSource sourcePageID="45D05DDB-1C41-41FB-A906-C5068813E9AE" comID="00C1B534-69CD-42BB-BEFE-9445C4C743A7" comLinkType="cltPageLink"/>
    <linkSource sourcePageID="45DF3A8E-5CED-48DD-A472-3B020DE8E429" comID="BCD2E33F-899E-41D9-AFE0-9C6B6BA7E4D1" comLinkType="cltPageLink"/>
    <linkSource sourcePageID="45DF3A8E-5CED-48DD-A472-3B020DE8E429" comID="E130EEBC-C440-4F95-9667-AD6D7A46FD2C" comLinkType="cltPageLink"/>
    <linkSource sourcePageID="45DF3A8E-5CED-48DD-A472-3B020DE8E429" comID="D7410A73-499C-49FB-A03D-A5AFE5C71246" comLinkType="cltPageLink"/>
    <linkSource sourcePageID="45D05DDB-1C41-41FB-A906-C5068813E9AE" comID="C5EBAA18-CCD7-4FBA-9992-8461D3B9C6E4" comLinkType="cltPageLink"/>
    <linkSource sourcePageID="45D05DDB-1C41-41FB-A906-C5068813E9AE" comID="E7E62C36-45E6-4E7B-A76B-C0032537A31B" comLinkType="cltPageLink"/>
  </page>
  <page ID="CF9ED1C8-6D28-4112-91E3-2F946D6D7F0A">
    <linkSource sourcePageID="45DF3A8E-5CED-48DD-A472-3B020DE8E429" comID="01A8B292-5797-447A-922B-0B775FA1FED1" comLinkType="cltPageLink"/>
    <linkSource sourcePageID="45DF3A8E-5CED-48DD-A472-3B020DE8E429" comID="3698F060-EE05-4F3A-BC3C-AFB32D934116" comLinkType="cltPageLink"/>
  </page>
</LinkSources>